F0; F; T; Tmin; C; nC; execTime
2321.4722;837.607720375061;0.1;1.0E-5;0.9999;100;137.33599853515625
